{
	"menu_id": "p3dtext_options_auto_F1",
	"parent_menu_id": "p3dtext_options_othermenu_function",
	"title": "Player_Menu_Config_func",
	"back_callback": "settings_save",
	"items": [
		{
			"type": "multiple_choice",
			"id": "Auto_func",
			"title": "",
			"items": [
				"Auto_func"
			],
			"value": "Auto_func",
			"default_value": false
		},
		{
			"type": "multiple_choice",
			"id": "Player_Menu_Config_func",
			"title": "",
			"items": [
				"Player_Menu_Config_func"
			],
			"value": "Player_Menu_Config_func",
			"default_value": false
		},
		{
			"type": "divider",
			"size": 5
		},
		{
			"type": "toggle",
			"id": "Player_Menu_Config",
			"title": "Activator_Functions_title",
			"description": "Activator_Functions_desc",
			"callback": "settings_callback_toggle",
			"value": "Player_Menu_Config",
			"default_value": false
		},
		{
			"type": "divider",
			"size": 25
		},
		{
			"type": "multiple_choice",
			"id": "First_column",
			"title": "",
			"items": [
				"First_column"
			],
			"value": "First_column",
			"default_value": false
		},
		{
			"type": "divider",
			"size": 5
		},
		{
			"type": "toggle",
			"id": "God_Mode",
			"title": "godmode",
			"callback": "settings_callback_toggle",
			"value": "God_Mode",
			"default_value": false
		},
		{
			"type": "toggle",
			"id": "buddha_mode",
			"title": "buddha_mode",
			"callback": "settings_callback_toggle",
			"value": "buddha_mode",
			"default_value": false
		},
		{
			"type": "toggle",
			"id": "Friendly_Fire",
			"title": "friendfire",
			"callback": "settings_callback_toggle",
			"value": "Friendly_Fire",
			"default_value": false
		},
		{
			"type": "divider",
			"size": 25
		},
		{
			"type": "toggle",
			"id": "Auto_Drill_Service",
			"title": "drillservice",
			"description": "Auto_Drill_Service_desc",
			"callback": "settings_callback_toggle",
			"value": "Auto_Drill_Service",
			"default_value": false
		},
		{
			"type": "toggle",
			"id": "Carry_Mod",
			"title": "carrymod",
			"description": "Carry_Mod_desc",
			"callback": "settings_callback_toggle",
			"value": "Carry_Mod",
			"default_value": false
		},
		{
			"type": "toggle",
			"id": "Cloakers_Cuff_Self",
			"title": "spooccuffselfon",
			"description": "spooccuffselfon_help",
			"callback": "settings_callback_toggle",
			"value": "Cloakers_Cuff_Self",
			"default_value": false
		},
		{
			"type": "toggle",
			"id": "Infinite_Ammo_Bag",
			"title": "infammobag",
			"callback": "settings_callback_toggle",
			"value": "Infinite_Ammo_Bag",
			"default_value": false
		},
		{
			"type": "toggle",
			"id": "Infinite_Specials",
			"title": "InfiniteSpecial_",
			"description": "InfiniteSpecial_help",
			"callback": "settings_callback_toggle",
			"value": "Infinite_Specials",
			"default_value": false
		},
		{
			"type": "toggle",
			"id": "Infinite_Converts",
			"title": "inf_converts",
			"callback": "settings_callback_toggle",
			"value": "Infinite_Converts",
			"default_value": false
		},
		{
			"type": "divider",
			"size": 25
		},
		{
			"type": "multiple_choice",
			"id": "Second_column",
			"title": "",
			"items": [
				"Second_column"
			],
			"value": "Second_column",
			"default_value": false
		},
		{
			"type": "divider",
			"size": 5
		},
		{
			"type": "toggle",
			"id": "Carry_Stacker",
			"title": "carrystack",
			"description": "carrystack_help",
			"callback": "settings_callback_toggle",
			"value": "Carry_Stacker",
			"default_value": false
		},
		{
			"type": "divider",
			"size": 25
		},
		{
			"type": "toggle",
			"id": "Infinite_Doc_Bag_Use",
			"title": "infdocbag",
			"callback": "settings_callback_toggle",
			"value": "Infinite_Doc_Bag_Use",
			"default_value": false
		},
		{
			"type": "toggle",
			"id": "Infinite_ECM_Battery",
			"title": "inf_ecm",
			"callback": "settings_callback_toggle",
			"value": "Infinite_ECM_Battery",
			"default_value": false
		},
		{
			"type": "toggle",
			"id": "Infinite_Messiah_Charge",
			"title": "infmessiah",
			"callback": "settings_callback_toggle",
			"value": "Infinite_Messiah_Charge",
			"default_value": false
		},
		{
			"type": "toggle",
			"id": "Infinite_Pager_Answers",
			"title": "inf_pager_answers",
			"callback": "settings_callback_toggle",
			"value": "Infinite_Pager_Answers",
			"default_value": false
		},
		{
			"type": "toggle",
			"id": "Instant_Dominate",
			"title": "instantdom",
			"callback": "settings_callback_toggle",
			"value": "Instant_Dominate",
			"default_value": false
		},
		{
			"type": "toggle",
			"id": "Instant_Drill",
			"title": "instantdrill",
			"description": "instantdrill_help",
			"callback": "settings_callback_toggle",
			"value": "Instant_Drill",
			"default_value": false
		},
		{
			"type": "divider",
			"size": 25
		},
		{
			"type": "multiple_choice",
			"id": "intdist_text",
			"title": "",
			"items": [
				"intdist"
			],
			"value": "intdist",
			"default_value": false
		},
		{
			"type": "divider",
			"size": 5
		},
		{
			"type": "toggle",
			"id": "Interact_Distance_Increase",
			"title": "intdist",
			"callback": "settings_callback_toggle",
			"value": "Interact_Distance_Increase",
			"default_value": false
		},
		{
			"type": "slider",
			"id": "Interact_Distance_Amount",
			"title": "Interact_Distance_Amount_title",
			"description": "you_can_desc",
			"callback": "settings_callback",
			"value": "Interact_Distance_Amount",
			"default_value": 600,
			"max": 2000,
			"min": 200,
			"step": 100
		},
		{
			"type": "divider",
			"size": 25
		},
		{
			"type": "multiple_choice",
			"id": "Third_column",
			"title": "",
			"items": [
				"Third_column"
			],
			"value": "Third_column",
			"default_value": false
		},
		{
			"type": "divider",
			"size": 5
		},
		{
			"type": "toggle",
			"id": "Instant_Interact",
			"title": "instantinteract",
			"description": "instantinteract_help",
			"callback": "settings_callback_toggle",
			"value": "Instant_Interact",
			"default_value": false
		},
		{
			"type": "toggle",
			"id": "Instant_Interact_With_Anything",
			"title": "interactanyhting",
			"description": "Instant_Interact_With_Anything_desc",
			"callback": "settings_callback_toggle",
			"value": "Instant_Interact_With_Anything",
			"default_value": false
		},
		{
			"type": "divider",
			"size": 25
		},
		{
			"type": "toggle",
			"id": "Interact_Thru_Wall",
			"title": "interactwall",
			"callback": "settings_callback_toggle",
			"value": "Interact_Thru_Wall",
			"default_value": false
		},
		{
			"type": "toggle",
			"id": "No_Hit_Disorientation",
			"title": "nohitdis",
			"callback": "settings_callback_toggle",
			"value": "No_Hit_Disorientation",
			"default_value": false
		},
		{
			"type": "divider",
			"size": 25
		},
		{
			"type": "multiple_choice",
			"id": "smlootmulti_text",
			"title": "",
			"items": [
				"smlootmulti"
			],
			"value": "smlootmulti",
			"default_value": false
		},
		{
			"type": "divider",
			"size": 5
		},
		{
			"type": "toggle",
			"id": "Small_Loot_Multiplier",
			"title": "smlootmulti",
			"description": "smlootmulti_help",
			"callback": "settings_callback_toggle",
			"value": "Small_Loot_Multiplier",
			"default_value": false
		},
		{
			"type": "slider",
			"id": "Small_Loot_Multiplier_Amount",
			"title": "smlootmulti",
			"description": "you_can_desc",
			"callback": "settings_callback",
			"value": "Small_Loot_Multiplier_Amount",
			"default_value": 3,
			"max": 20,
			"min": 1,
			"step": 1
		},
		{
			"type": "divider",
			"size": 25
		},
		{
			"type": "toggle",
			"id": "Zipline_Transport",
			"title": "ZiplineBag",
			"description": "ZiplineBag_help",
			"callback": "settings_callback_toggle",
			"value": "Zipline_Transport",
			"default_value": false
		},
		{
			"type": "divider",
			"size": 25
		},
		{
			"type": "multiple_choice",
			"id": "Speed_hack_text",
			"title": "",
			"items": [
				"Speed_hack"
			],
			"value": "Speed_hack",
			"default_value": false
		},
		{
			"type": "divider",
			"size": 5
		},
		{
			"type": "toggle",
			"id": "Speed_hack",
			"title": "Speed_hack",
			"callback": "settings_callback_toggle",
			"value": "Speed_hack",
			"default_value": false
		},
		{
			"type": "slider",
			"id": "RunSpeed",
			"title": "Speed_hack",
			"description": "you_can_desc",
			"callback": "settings_callback",
			"value": "RunSpeed",
			"default_value": 125,
			"max": 1000,
			"min": 100,
			"step": 25
		},
		{
			"type": "divider",
			"size": 25
		},
		{
			"type": "multiple_choice",
			"id": "Jumper_title",
			"title": "",
			"items": [
				"num_jump"
			],
			"value": "Jumper_title",
			"default_value": false
		},
		{
			"type": "divider",
			"size": 5
		},
		{
			"type": "toggle",
			"id": "Jumper",
			"title": "num_jump",
			"callback": "settings_callback_toggle",
			"value": "Jumper",
			"default_value": false
		},
		{
			"type": "slider",
			"id": "Jumper_set",
			"title": "Jumper_set_title",
			"callback": "settings_callback",
			"value": "Jumper_set",
			"default_value": 2,
			"max": 10,
			"min": 1,
			"step": 0.5
		}
	]
}