{
	"menu_id": "p3dtext_options_auto_keyboard",
	"parent_menu_id": "p3dtext_options_othermenu_function",
	"title": "keyboard_keybinds",
	"back_callback": "settings_save",
	"items": [
		{
			"type": "multiple_choice",
			"id": "Keyboard_Auto_Config",
			"title": "",
			"items": [
				"Keyboard_Auto_Config"
			],
			"value": "Keyboard_Auto_Config",
			"default_value": false
		},
		{
			"type": "multiple_choice",
			"id": "keyboard_keybinds",
			"title": "",
			"items": [
				"keyboard_keybinds"
			],
			"value": "keyboard_keybinds",
			"default_value": false
		},
		{
			"type": "divider",
			"size": 5
		},
		{
			"type": "toggle",
			"id": "Full_Replenish",
			"title": "Full_Replenish_title",
			"description": "Full_Replenish_desc",
			"callback": "settings_callback_toggle",
			"value": "Full_Replenish",
			"default_value": false
		},
		{
			"type": "toggle",
			"id": "X_Ray",
			"title": "X_Ray_title",
			"description": "X_Ray_desc",
			"callback": "settings_callback_toggle",
			"value": "X_Ray",
			"default_value": false
		},
		{
			"type": "toggle",
			"id": "Ammo_Replenish",
			"title": "Ammo_Replenish_title",
			"description": "Ammo_Replenish_desc",
			"callback": "settings_callback_toggle",
			"value": "Ammo_Replenish",
			"default_value": false
		},
		{
			"type": "toggle",
			"id": "Vehicle_Spawn",
			"title": "Vehicle_Spawn_title",
			"description": "Vehicle_Spawn_desc",
			"callback": "settings_callback_toggle",
			"value": "Vehicle_Spawn",
			"default_value": false
		},
		{
			"type": "toggle",
			"id": "Locator",
			"title": "menu_f11_text_keybind7",
			"callback": "settings_callback_toggle",
			"value": "Locator",
			"default_value": false
		},
		{
			"type": "toggle",
			"id": "AIM",
			"title": "menu_f11_text_keybind8",
			"callback": "settings_callback_toggle",
			"value": "AIM",
			"default_value": false
		},
		{
			"type": "toggle",
			"id": "SlowMotion",
			"title": "menu_f11_text_keybind9",
			"callback": "settings_callback_toggle",
			"value": "SlowMotion",
			"default_value": false
		},
		{
			"type": "divider",
			"size": 25
		},
		{
			"type": "multiple_choice",
			"id": "menu_f11_text_keybind10",
			"title": "",
			"items": [
				"menu_f11_text_keybind10"
			],
			"value": "menu_f11_text_keybind10",
			"default_value": false
		},
		{
			"type": "divider",
			"size": 5
		},
		{
			"type": "toggle",
			"id": "NoClip",
			"title": "menu_f11_text_keybind10",
			"callback": "settings_callback_toggle",
			"value": "NoClip",
			"default_value": false
		},
		{
			"type": "slider",
			"id": "NoClip_Amount",
			"title": "NoClip_Amount",
			"description": "select_value",
			"callback": "settings_callback",
			"value": "NoClip_Amount",
			"default_value": 2,
			"max": 10,
			"min": 0,
			"step": 0.5
		},
		{
			"type": "divider",
			"size": 25
		},
		{
			"type": "multiple_choice",
			"id": "menu_f11_text_keybind_num",
			"title": "",
			"items": [
				"menu_f11_text_keybind_num"
			],
			"value": "menu_f11_text_keybind_num",
			"default_value": false
		},
		{
			"type": "divider",
			"size": 5
		},
		{
			"type": "toggle",
			"id": "Restart_Job",
			"title": "Restart_Job_title",
			"description": "Restart_Job",
			"callback": "settings_callback_toggle",
			"value": "Restart_Job",
			"default_value": false
		},
		{
			"type": "toggle",
			"id": "Ultimate_Kill",
			"title": "Ultimate_Kill_title",
			"description": "Ultimate_Kill_desc",
			"callback": "settings_callback_toggle",
			"value": "Ultimate_Kill",
			"default_value": false
		},
		{
			"type": "toggle",
			"id": "Public_XRay",
			"title": "menu_f11_text_keybind13",
			"callback": "settings_callback_toggle",
			"value": "Public_XRay",
			"default_value": false
		},
		{
			"type": "toggle",
			"id": "Pager_Answer",
			"title": "menu_f11_text_keybind15",
			"callback": "settings_callback_toggle",
			"value": "Pager_Answer",
			"default_value": false
		},
		{
			"type": "divider",
			"size": 25
		},
		{
			"type": "multiple_choice",
			"id": "menu_f11_text_keybind_other",
			"title": "",
			"items": [
				"menu_f11_text_keybind_other"
			],
			"value": "menu_f11_text_keybind_other",
			"default_value": false
		},
		{
			"type": "divider",
			"size": 5
		},
		{
			"type": "toggle",
			"id": "Hud_Toggle",
			"title": "Hud_Toggle_title",
			"description": "Hud_Toggle_desc",
			"callback": "settings_callback_toggle",
			"value": "Hud_Toggle",
			"default_value": false
		},
		{
			"type": "toggle",
			"id": "Gage_Package",
			"title": "Gage_Package_title",
			"description": "Gage_Package_desc",
			"callback": "settings_callback_toggle",
			"value": "Gage_Package",
			"default_value": false
		},
		{
			"type": "toggle",
			"id": "Revive_Team",
			"title": "menu_f11_text_keybind20",
			"callback": "settings_callback_toggle",
			"value": "Revive_Team",
			"default_value": false
		},
		{
			"type": "toggle",
			"id": "Push_Stack",
			"title": "menu_f11_text_keybind21",
			"callback": "settings_callback_toggle",
			"value": "Push_Stack",
			"default_value": false
		},
		{
			"type": "toggle",
			"id": "Push_Stack_Up",
			"title": "menu_f11_text_keybind17",
			"callback": "settings_callback_toggle",
			"value": "Push_Stack_Up",
			"default_value": false
		},
		{
			"type": "toggle",
			"id": "Push_Stack_Down",
			"title": "menu_f11_text_keybind18",
			"callback": "settings_callback_toggle",
			"value": "Push_Stack_Down",
			"default_value": false
		}
	]
}