{
	"menu_id": "p3dtext_options_hidemenu_function",
	"parent_menu_id": "p3dtext_options_othermenu_function",
	"title": "Hide_Functions",
	"back_callback": "settings_save",
	"items": [
		{
			"type": "multiple_choice",
			"id": "Hide_Functions",
			"title": "",
			"items": [
				"Hide_Functions"
			],
			"value": "Hide_Functions",
			"default_value": false
		},
		{
			"type": "divider",
			"size": 5
		},
		{
			"type": "toggle",
			"id": "hide_func",
			"title": "Activator_Functions_title",
			"description": "Activator_Functions_desc",
			"callback": "settings_callback_toggle",
			"value": "hide_func",
			"default_value": false
		},
		{
			"type": "divider",
			"size": 25
		},
		{
			"type": "multiple_choice",
			"id": "Hide_Functions_text",
			"title": "",
			"items": [
				"Hide_Functions"
			],
			"value": "Hide_Functions",
			"default_value": false
		},
		{
			"type": "divider",
			"size": 5
		},
		{
			"type": "toggle",
			"id": "hide_smoke",
			"title": "hide_smoke_title",
			"callback": "settings_callback_toggle",
			"value": "hide_smoke",
			"default_value": false
		},
		{
			"type": "toggle",
			"id": "hide_logo",
			"title": "hide_logo_title",
			"callback": "settings_callback_toggle",
			"value": "hide_logo",
			"default_value": false
		},
		{
			"type": "toggle",
			"id": "hide_pattern",
			"title": "hide_pattern_title",
			"callback": "settings_callback_toggle",
			"value": "hide_pattern",
			"default_value": false
		},
		{
			"type": "toggle",
			"id": "hide_particles",
			"title": "hide_particles_title",
			"callback": "settings_callback_toggle",
			"value": "hide_particles",
			"default_value": false
		},
		{
			"type": "toggle",
			"id": "hide_buy_dlc",
			"title": "hide_buy_dlc",
			"callback": "settings_callback_toggle",
			"value": "hide_buy_dlc",
			"default_value": false
		}
	]
}