{
	"menu_id": "p3dtext_options_skipmenu_function",
	"parent_menu_id": "p3dtext_options_othermenu_function",
	"title": "Skip_Functions",
	"back_callback": "settings_save",
	"items": [
		{
			"type": "multiple_choice",
			"id": "Skip_Functions",
			"title": "",
			"items": [
				"Skip_Functions"
			],
			"value": "Skip_Functions",
			"default_value": false
		},
		{
			"type": "divider",
			"size": 5
		},
		{
			"type": "toggle",
			"id": "Skipper",
			"title": "Activator_Functions_title",
			"description": "Activator_Functions_desc",
			"callback": "settings_callback_toggle",
			"value": "Skipper",
			"default_value": false
		},
		{
			"type": "divider",
			"size": 25
		},
		{
			"type": "multiple_choice",
			"id": "Skip_Functions_text",
			"title": "",
			"items": [
				"Skip_Functions"
			],
			"value": "Skip_Functions",
			"default_value": false
		},
		{
			"type": "divider",
			"size": 5
		},
		{
			"type": "toggle",
			"id": "skip_videos",
			"title": "skip_videos_title",
			"callback": "settings_callback_toggle",
			"value": "skip_videos",
			"default_value": false
		},
		{
			"type": "toggle",
			"id": "press_any_key",
			"title": "press_any_key_title",
			"callback": "settings_callback_toggle",
			"value": "press_any_key",
			"default_value": false
		},
		{
			"type": "toggle",
			"id": "Skip_Press",
			"title": "Skip_Press_title",
			"callback": "settings_callback_toggle",
			"value": "Skip_Press",
			"default_value": false
		},
		{
			"type": "toggle",
			"id": "Dropin_Pause_Remove",
			"title": "Dropin_Pause_Remove_title",
			"callback": "settings_callback_toggle",
			"value": "Dropin_Pause_Remove",
			"default_value": false
		},
		{
			"type": "toggle",
			"id": "Skip_End_Screen",
			"title": "Skip_End_Screen_title",
			"callback": "settings_callback_toggle",
			"value": "Skip_End_Screen",
			"default_value": false
		},
		{
			"type": "toggle",
			"id": "Auto_Pick_Card",
			"title": "Auto_Pick_Card_title",
			"callback": "settings_callback_toggle",
			"value": "Auto_Pick_Card",
			"default_value": false
		}
	]
}