{
	"menu_id": "p3dtext_options_aim",
	"parent_menu_id": "p3dtext_options_premium",
	"title": "change_aim_function",
	"back_callback": "settings_save",
	"items": [
		{
			"type": "multiple_choice",
			"id": "menu_f11_text_keybind8",
			"title": "",
			"items": [
				"menu_f11_text_keybind8"
			],
			"value": "menu_f11_text_keybind8",
			"default_value": false
		},
		{
			"type": "divider",
			"size": 5
		},
		{
			"type": "toggle",
			"id": "target_closest",
			"title": "target_closest_title",
			"description": "target_closest_desc",
			"callback": "settings_callback_toggle",
			"value": "target_closest",
			"default_value": false
		},
		{
			"type": "toggle",
			"id": "shoot_through_wall",
			"title": "Bullet_Penetration_func",
			"description": "shoot_through_wall_desc",
			"callback": "settings_callback_toggle",
			"value": "shoot_through_wall",
			"default_value": false
		},
		{
			"type": "slider",
			"id": "shoot_through_wall_thickness",
			"title": "set_infamy",
			"description": "shoot_through_wall_thickness_desc",
			"callback": "settings_callback",
			"value": "shoot_through_wall_thickness",
			"default_value": 40,
			"max": 400,
			"min": 0,
			"step": 40
		},
		{
			"type": "slider",
			"id": "fov_only",
			"title": "menu_fov_adjustment",
			"description": "menu_fov_adjustment_help",
			"callback": "settings_callback",
			"value": "fov_only",
			"default_value": 180,
			"max": 360,
			"min": 0,
			"step": 10
		},
		{
			"type": "divider",
			"size": 25
		},
		{
			"type": "multiple_choice",
			"id": "autoshoot",
			"title": "",
			"items": [
				"autoshoot"
			],
			"value": "autoshoot",
			"default_value": false
		},
		{
			"type": "divider",
			"size": 5
		},
		{
			"type": "multiple_choice",
			"id": "AimMode",
			"title": "autoshoot",
			"description": "AimMode_desc",
			"callback": "settings_callback",
			"items": [
				"aim_type_1",
				"aim_type_2",
				"aim_type_3"
			],
			"value": "AimMode",
			"default_value": 3
		},
		{
			"type": "toggle",
			"id": "RightClick",
			"title": "RightClick_title",
			"description": "RightClick_desc",
			"callback": "settings_callback_toggle",
			"value": "RightClick",
			"default_value": false
		},
		{
			"type": "toggle",
			"id": "AimbotInfAmmo",
			"title": "AimbotInfAmmo_title",
			"callback": "settings_callback_toggle",
			"value": "AimbotInfAmmo",
			"default_value": false
		},
		{
			"type": "slider",
			"id": "AimbotDamageMul",
			"title": "AimbotDamageMul_title",
			"callback": "settings_callback",
			"value": "AimbotDamageMul",
			"default_value": 2,
			"max": 50,
			"min": 1,
			"step": 1
		},
		{
			"type": "slider",
			"id": "MaxAimDist",
			"title": "MaxAimDist_title",
			"callback": "settings_callback",
			"value": "MaxAimDist",
			"default_value": 5000,
			"max": 10000,
			"min": 250,
			"step": 250
		}
	]
}