{
	"menu_id": "p3dtext_options_secret_skills",
	"parent_menu_id": "p3dtext_options_premium",
	"title": "secret_skills_and_perks_title",
	"back_callback": "settings_save",
	"items": [
		{
			"type": "multiple_choice",
			"id": "secret_skills_and_perks_title",
			"title": "",
			"items": [
				"secret_skills_and_perks_title"
			],
			"value": "secret_skills_and_perks_title",
			"default_value": false
		},
		{
			"type": "divider",
			"size": 5
		},
		{
			"type": "multiple_choice",
			"id": "secret_skills_text",
			"title": "",
			"items": [
				"secret_skills_title"
			],
			"value": "secret_skills_title",
			"default_value": false
		},
		{
			"type": "divider",
			"size": 5
		},
		{
			"type": "toggle",
			"id": "secret_skills",
			"title": "secret_skills_title",
			"description": "secret_skills_desc",
			"callback": "settings_callback_toggle",
			"value": "secret_skills",
			"default_value": false
		},
		{
			"type": "divider",
			"size": 25
		},
		{
			"type": "multiple_choice",
			"id": "secret_perks_text",
			"title": "",
			"items": [
				"secret_perks_title"
			],
			"value": "secret_perks_title",
			"default_value": false
		},
		{
			"type": "divider",
			"size": 5
		},
		{
			"type": "toggle",
			"id": "secret_perks",
			"title": "secret_perks_title",
			"callback": "settings_callback_toggle",
			"value": "secret_perks",
			"default_value": false
		},
		{
			"type": "toggle",
			"id": "secret_perks_no_negative",
			"title": "secret_perks_no_negative_title",
			"callback": "settings_callback_toggle",
			"value": "secret_perks_no_negative",
			"default_value": false
		}
	]
}