{
	"menu_id": "p3dtext_options_cookfaster",
	"parent_menu_id": "p3dtext_options_main_function",
	"title": "CookMeth_function",
	"back_callback": "settings_save",
	"items": [
		{
			"type": "multiple_choice",
			"id": "CookMeth",
			"title": "",
			"items": [
				"CookMeth_function"
			],
			"value": "CookMeth_function",
			"default_value": false
		},
		{
			"type": "divider",
			"size": 5
		},
		{
			"type": "toggle",
			"id": "Rats_Message",
			"title": "Rats_Message_title",
			"description": "Rats_Message_desc",
			"callback": "settings_callback_toggle",
			"value": "Rats_Message",
			"default_value": false
		},
		{
			"type": "multiple_choice",
			"id": "Rats_type",
			"title": "Rats_type_title",
			"description": "Rats_type_desc",
			"callback": "settings_callback",
			"items": [
				"Rats_type_for_you",
				"Rats_type_for_all"
			],
			"value": "Rats_type",
			"default_value": 1
		},
		{
			"type": "divider",
			"size": 25
		},
		{
			"type": "multiple_choice",
			"id": "waypoints",
			"title": "",
			"items": [
				"waypoints"
			],
			"value": "waypoints",
			"default_value": false
		},
		{
			"type": "divider",
			"size": 5
		},
		{
			"type": "toggle",
			"id": "waypoint_rat",
			"title": "waypoints",
			"description": "waypoint_rat_desc",
			"callback": "settings_callback_toggle",
			"value": "waypoint_rat",
			"default_value": false
		},
		{
			"type": "toggle",
			"id": "waypoint_rat_showDistance",
			"title": "waypoints_showDistance",
			"description": "waypoints_showDistance_desc",
			"callback": "settings_callback_toggle",
			"value": "waypoint_rat_showDistance",
			"default_value": false
		},
		{
			"type": "divider",
			"size": 25
		},
		{
			"type": "multiple_choice",
			"id": "Delay_func_title",
			"title": "",
			"items": [
				"Delay_func_title"
			],
			"value": "Delay_func_title",
			"default_value": false
		},
		{
			"type": "divider",
			"size": 5
		},
		{
			"type": "toggle",
			"id": "Delay_func",
			"title": "Delay_func_title",
			"callback": "settings_callback_toggle",
			"value": "Delay_func",
			"default_value": false
		},
		{
			"type": "slider",
			"id": "Delay",
			"title": "Delay_title",
			"callback": "settings_callback",
			"value": "Delay",
			"default_value": 1,
			"max": 45,
			"min": 1,
			"step": 1
		}
	]
}