{
	"menu_id": "p3dtext_options_free",
	"parent_menu_id": "p3dtext_options_main_function",
	"title": "Free_function",
	"back_callback": "settings_save",
	"items": [
		{
			"type": "multiple_choice",
			"id": "Free",
			"title": "",
			"items": [
				"Free_function"
			],
			"value": "Free_function",
			"default_value": false
		},
		{
			"type": "divider",
			"size": 5
		},
		{
			"type": "toggle",
			"id": "free_purchase",
			"title": "Activator_Functions_title",
			"description": "Activator_Functions_desc",
			"callback": "settings_callback_toggle",
			"value": "free_purchase",
			"default_value": false
		},
		{
			"type": "divider",
			"size": 25
		},
		{
			"type": "multiple_choice",
			"id": "Free_text",
			"title": "",
			"items": [
				"Free_function"
			],
			"value": "Free_function",
			"default_value": false
		},
		{
			"type": "divider",
			"size": 5
		},
		{
			"type": "toggle",
			"id": "Favors",
			"title": "Favors_title",
			"callback": "settings_callback_toggle",
			"value": "Favors",
			"default_value": false
		},
		{
			"type": "toggle",
			"id": "Free_Assets",
			"title": "Free_Assets_title",
			"callback": "settings_callback_toggle",
			"value": "Free_Assets",
			"default_value": false
		},
		{
			"type": "toggle",
			"id": "Free_Casino",
			"title": "Free_Casino_title",
			"callback": "settings_callback_toggle",
			"value": "Free_Casino",
			"default_value": false
		},
		{
			"type": "toggle",
			"id": "Free_Contracts",
			"title": "Free_Contracts_title",
			"callback": "settings_callback_toggle",
			"value": "Free_Contracts",
			"default_value": false
		},
		{
			"type": "toggle",
			"id": "Free_Masks",
			"title": "Free_Masks_title",
			"callback": "settings_callback_toggle",
			"value": "Free_Masks",
			"default_value": false
		},
		{
			"type": "toggle",
			"id": "Free_PrePlanning",
			"title": "Free_PrePlanning_title",
			"callback": "settings_callback_toggle",
			"value": "Free_PrePlanning",
			"default_value": false
		},
		{
			"type": "toggle",
			"id": "Free_Slots",
			"title": "Free_Slots_title",
			"callback": "settings_callback_toggle",
			"value": "Free_Slots",
			"default_value": false
		},
		{
			"type": "toggle",
			"id": "Free_Weapons",
			"title": "Free_Weapons_title",
			"callback": "settings_callback_toggle",
			"value": "Free_Weapons",
			"default_value": false
		},
		{
			"type": "toggle",
			"id": "Free_Weapon_Mods",
			"title": "Free_Weapon_Mods_title",
			"callback": "settings_callback_toggle",
			"value": "Free_Weapon_Mods",
			"default_value": false
		},
		{
			"type": "toggle",
			"id": "Free_Crime_Spree",
			"title": "Free_Crime_Spree_title",
			"callback": "settings_callback_toggle",
			"value": "Free_Crime_Spree",
			"default_value": false
		}
	]
}