{
	"menu_id": "p3dtext_options_killall",
	"parent_menu_id": "p3dtext_options_main_function",
	"title": "killall",
	"back_callback": "settings_save",
	"items": [
		{
			"type": "multiple_choice",
			"id": "killall",
			"title": "",
			"items": [
				"killall"
			],
			"value": "killall",
			"default_value": false
		},
		{
			"type": "divider",
			"size": 5
		},
		{
			"type": "toggle",
			"id": "IgnoreCivilians",
			"title": "IgnoreCivilians",
			"callback": "settings_callback_toggle",
			"value": "IgnoreCivilians",
			"default_value": false
		},
		{
			"type": "toggle",
			"id": "IgnoreTied",
			"title": "IgnoreTied",
			"callback": "settings_callback_toggle",
			"value": "IgnoreTied",
			"default_value": false
		},
		{
			"type": "toggle",
			"id": "IgnoreCameras",
			"title": "IgnoreCameras",
			"callback": "settings_callback_toggle",
			"value": "IgnoreCameras",
			"default_value": false
		},
		{
			"type": "toggle",
			"id": "IgnoreEnemies",
			"title": "IgnoreEnemies",
			"callback": "settings_callback_toggle",
			"value": "IgnoreEnemies",
			"default_value": false
		},
		{
			"type": "divider",
			"size": 25
		},
		{
			"type": "multiple_choice",
			"id": "no_pagers_text",
			"title": "",
			"items": [
				"disable_pagers"
			],
			"value": "no_pagers_text",
			"default_value": false
		},
		{
			"type": "divider",
			"size": 5
		},
		{
			"type": "toggle",
			"id": "no_pagers",
			"title": "disable_pagers",
			"callback": "settings_callback_toggle",
			"value": "no_pagers",
			"default_value": false
		},
		{
			"type": "divider",
			"size": 25
		},
		{
			"type": "multiple_choice",
			"id": "NoBagBodies_title",
			"title": "",
			"items": [
				"NoBagBodies_title"
			],
			"value": "NoBagBodies_title",
			"default_value": false
		},
		{
			"type": "divider",
			"size": 5
		},
		{
			"type": "toggle",
			"id": "NoBagBodies",
			"title": "NoBagBodies",
			"callback": "settings_callback_toggle",
			"value": "NoBagBodies",
			"default_value": false
		},
		{
			"type": "multiple_choice",
			"id": "NoBagBodies_type",
			"title": "Rats_type_title",
			"description": "Rats_type_desc",
			"callback": "settings_callback",
			"items": [
				"All_type",
				"Host_type",
				"Client_type"
			],
			"value": "NoBagBodies_type",
			"default_value": 1
		}
	]
}