{
	"menu_id": "p3dtext_options_othermenu_function",
	"parent_menu_id": "p3dtext_options_main_function",
	"title": "othermenu_function",
	"back_callback": "settings_save",
	"items": [
		{
			"type": "multiple_choice",
			"id": "othermenu_function",
			"title": "",
			"items": [
				"othermenu_function"
			],
			"value": "othermenu_function",
			"default_value": false
		},
		{
			"type": "divider",
			"size": 5
		},
		{
			"type": "toggle",
			"id": "Zipline_Drop",
			"title": "Zipline_Drop_title",
			"callback": "settings_callback_toggle",
			"value": "Zipline_Drop",
			"default_value": false
		},
		{
			"type": "toggle",
			"id": "Classic_Open_Door",
			"title": "Classic_Open_Door_title",
			"description": "Classic_Open_Door_desc",
			"callback": "settings_callback_toggle",
			"value": "Classic_Open_Door",
			"default_value": false
		},
		{
			"type": "toggle",
			"id": "New_Open_Door",
			"title": "New_Open_Door_title",
			"description": "New_Open_Door_desc",
			"callback": "settings_callback_toggle",
			"value": "New_Open_Door",
			"default_value": false
		},
		{
			"type": "toggle",
			"id": "Anti_Cheat_Disable",
			"title": "Anti_Cheat_Disable_title",
			"description": "Anti_Cheat_Disable_desc",
			"callback": "settings_callback_toggle",
			"value": "Anti_Cheat_Disable",
			"default_value": false
		},
		{
			"type": "divider",
			"size": 25
		},
		{
			"type": "multiple_choice",
			"id": "No_Job_Heat_title",
			"title": "",
			"items": [
				"No_Job_Heat_title"
			],
			"value": "No_Job_Heat_title",
			"default_value": false
		},
		{
			"type": "divider",
			"size": 5
		},
		{
			"type": "toggle",
			"id": "No_Job_Heat",
			"title": "No_Job_Heat_title",
			"callback": "settings_callback_toggle",
			"value": "No_Job_Heat",
			"default_value": false
		},
		{
			"type": "slider",
			"id": "Job_Heat_Amount",
			"title": "Job_Heat_Amount_title",
			"description": "Job_Heat_Amount_desc",
			"callback": "settings_callback",
			"value": "Job_Heat_Amount",
			"default_value": 1.2,
			"max": 10,
			"min": 1,
			"step": 0.5
		},
		{
			"type": "divider",
			"size": 25
		},
		{
			"type": "multiple_choice",
			"id": "other_menus",
			"title": "",
			"items": [
				"other_menus"
			],
			"value": "other_menus",
			"default_value": false
		},
		{
			"type": "divider",
			"size": 5
		}
	]
}